Game ID,Date,Away Team,Home Team,Away Roster,Home Roster,Away Score,Home Score,Away Goalie,Home Goalie
401559878,"3:00 AM, January 12, 2024",BOS,VGK,"J. Beecher, J. Boqvist, C. Coyle, J. DeBrusk, T. Frederic, M. Geekie, D. Heinen, J. Lauko, B. Marchand, D. Pastrnak, P. Zacha, J. van Riemsdyk, M. Grzelcyk, H. Lindholm, M. Lohrei, C. McAvoy, K. Shattenkirk, P. Wotherspoon","M. Amadio, I. Barbashev, P. Cotter, P. Dorofeyev, J. Eichel, B. Howden, K. Kolesar, J. Marchessault, J. Rondbjerg, N. Roy, C. Stephenson, M. Stone, N. Hague, K. Korczak, A. Martinez, B. McNabb, A. Pietrangelo, Z. Whitecloud",1,2,J. Swayman,L. Thompson
401560113,"3:00 AM, February 22, 2024",BOS,EDM,"J. Boqvist, J. Brazeau, C. Coyle, J. DeBrusk, T. Frederic, M. Geekie, D. Heinen, B. Marchand, D. Pastrnak, A. Richard, P. Zacha, J. van Riemsdyk, B. Carlo, D. Forbort, M. Grzelcyk, M. Lohrei, C. McAvoy, P. Wotherspoon","C. Brown, L. Draisaitl, W. Foegele, S. Gagner, D. Holloway, Z. Hyman, M. Janmark, E. Kane, C. McDavid, R. McLeod, C. Perry, D. Ryan, E. Bouchard, C. Ceci, V. Desharnais, M. Ekholm, B. Kulak, D. Nurse",6,5,J. Swayman,S. Skinner
401560184,"12:30 AM, March 3, 2024",BOS,NYI,"J. Boqvist, C. Coyle, J. DeBrusk, T. Frederic, M. Geekie, D. Heinen, J. Lauko, B. Marchand, M. McLaughlin, D. Pastrnak, P. Zacha, J. van Riemsdyk, B. Carlo, D. Forbort, M. Lohrei, C. McAvoy, K. Shattenkirk, P. Wotherspoon","M. Barzal, C. Cizikas, C. Clutterbuck, P. Engvall, S. Holmstrom, B. Horvat, A. Lee, K. MacLean, M. Martin, B. Nelson, J. Pageau, K. Palmieri, S. Aho, N. Dobson, A. Pelech, R. Pulock, M. Reilly, A. Romanov",1,5,L. Ullmark,I. Sorokin
401559501,"12:00 AM, November 21, 2023",BOS,PIM,"J. Beecher, C. Coyle, J. DeBrusk, T. Frederic, D. Heinen, J. Lauko, B. Marchand, D. Pastrnak, M. Poitras, O. Steen, P. Zacha, J. van Riemsdyk, B. Carlo, D. Forbort, H. Lindholm, M. Lohrei, C. McAvoy, I. Mitchell","A. Cirelli, M. Eyssimont, L. Glendening, B. Hagel, T. Jeannot, C. Koepke, N. Kucherov, T. Motte, N. Paul, B. Point, S. Stamkos, A. Watson, E. Cernak, V. Hedman, N. Perbix, D. Raddysh, M. Sergachev, C. de Haan",PN,5,J. Swayman,J. Johansson
401559257,"11:00 PM, October 14, 2023",NSH,BOS,"L. Evangelista, F. Forsberg, C. Glass, T. Novak, G. Nyquist, R. O'Reilly, J. Parssinen, K. Sherwood, C. Sissons, C. Smith, P. Tomasino, Y. Trenin, T. Barrie, A. Carrier, D. Fabbro, R. Josi, J. Lauzon, R. McDonagh","J. Beecher, C. Coyle, J. DeBrusk, T. Frederic, M. Geekie, J. Lauko, M. Lucic, B. Marchand, D. Pastrnak, M. Poitras, P. Zacha, J. van Riemsdyk, B. Carlo, D. Forbort, M. Grzelcyk, H. Lindholm, C. McAvoy, K. Shattenkirk",2,3,J. Saros,J. Swayman
401560153,"3:00 AM, February 27, 2024",BOS,SEA,"J. Boqvist, J. Brazeau, C. Coyle, J. DeBrusk, T. Frederic, M. Geekie, D. Heinen, B. Marchand, D. Pastrnak, A. Richard, P. Zacha, J. van Riemsdyk, B. Carlo, M. Grzelcyk, M. Lohrei, C. McAvoy, K. Shattenkirk, P. Wotherspoon","M. Beniers, O. Bjorkstrand, A. Burakovsky, J. Eberle, Y. Gourde, J. McCann, J. Schwartz, B. Tanev, T. Tatar, E. Tolvanen, A. Wennberg, K. Yamamoto, W. Borgen, B. Dumoulin, V. Dunn, A. Larsson, J. Oleksiak, J. Schultz",3,4,L. Ullmark,P. Grubauer
401559988,"5:30 PM, January 27, 2024",BOS,PHI,"J. Boqvist, P. Brown, C. Coyle, T. Frederic, M. Geekie, D. Heinen, J. Lauko, B. Marchand, D. Pastrnak, O. Steen, P. Zacha, J. van Riemsdyk, B. Carlo, M. Grzelcyk, H. Lindholm, C. McAvoy, K. Shattenkirk, P. Wotherspoon","C. Atkinson, N. Cates, S. Couturier, N. Deslauriers, J. Farabee, T. Foerster, M. Frost, G. Hathaway, T. Konecny, S. Laughton, O. Lycksell, R. Poehling, J. Drysdale, R. Ristolainen, T. Sanheim, N. Seeler, S. Walker, C. York",6,2,L. Ullmark,S. Ersson
401560082,"5:30 PM, February 17, 2024",BOS,PIM,"J. Anderson-Dolan, V. Arvidsson, Q. Byfield, P. Danault, P. Dubois, K. Fiala, A. Kempe, A. Kopitar, A. Laferriere, T. Lewis, T. Moore, A. Turcotte, M. Anderson, B. Clarke, D. Doughty, A. Englund, V. Gavrikov, M. Roy","J. Boqvist, C. Coyle, J. DeBrusk, T. Frederic, M. Geekie, D. Heinen, J. Lauko, B. Marchand, D. Pastrnak, A. Richard, P. Zacha, J. van Riemsdyk, B. Carlo, D. Forbort, M. Grzelcyk, H. Lindholm, C. McAvoy, K. Shattenkirk",PN,4,D. Rittich,L. Ullmark
401560420,"12:00 AM, April 3, 2024",BOS,NSH,"J. Beecher, J. Boqvist, J. Brazeau, C. Coyle, J. DeBrusk, T. Frederic, M. Geekie, D. Heinen, B. Marchand, D. Pastrnak, P. Zacha, J. van Riemsdyk, B. Carlo, H. Lindholm, M. Lohrei, C. McAvoy, A. Peeke, K. Shattenkirk","L. Evangelista, F. Forsberg, C. Glass, M. Jankowski, M. McCarron, T. Novak, G. Nyquist, R. O'Reilly, K. Sherwood, C. Sissons, C. Smith, J. Zucker, A. Carrier, R. Josi, J. Lauzon, R. McDonagh, L. Schenn, S. Stastney",3,0,L. Ullmark,J. Saros
401560138,"12:00 AM, February 25, 2024",BOS,VAN,"J. Boqvist, J. Brazeau, C. Coyle, J. DeBrusk, T. Frederic, M. Geekie, D. Heinen, B. Marchand, D. Pastrnak, A. Richard, P. Zacha, J. van Riemsdyk, B. Carlo, D. Forbort, M. Grzelcyk, M. Lohrei, C. McAvoy, P. Wotherspoon","A. Bains, T. Blueger, B. Boeser, P. Di Giuseppe, C. Garland, N. Hoglander, S. Lafferty, E. Lindholm, I. Mikheyev, J.T. Miller, E. Pettersson, P. Suter, I. Cole, F. Hronek, Q. Hughes, N. Juulsen, T. Myers, N. Zadorov",2,3,J. Swayman,T. Demko
401559835,"12:00 AM, January 7, 2024",BOS,PIM,"A. Cirelli, M. Eyssimont, L. Glendening, B. Hagel, T. Jeannot, N. Kucherov, T. Motte, N. Paul, B. Point, C. Sheary, S. Stamkos, V. Hedman, E. Martinsen Lilleberg, P. Myers, N. Perbix, D. Raddysh, J. Thompson, C. de Haan","J. Boqvist, C. Coyle, J. DeBrusk, T. Frederic, M. Geekie, D. Heinen, J. Lauko, B. Marchand, D. Pastrnak, M. Poitras, O. Steen, P. Zacha, B. Carlo, M. Grzelcyk, H. Lindholm, C. McAvoy, K. Shattenkirk, P. Wotherspoon",PN,7,A. Vasilevskiy,L. Ullmark
401559817,"12:00 AM, January 5, 2024",PIT,BOS,"N. Acciari, J. Carter, S. Crosby, L. Eller, J. Guentzel, J. Harkins, E. Malkin, D. O'Connor, V. Puustinen, R. Rakell, B. Rust, R. Smith, R. Graves, P. Joseph, E. Karlsson, K. Letang, M. Pettersson, C. Ruhwedel","J. Beecher, C. Coyle, J. DeBrusk, T. Frederic, M. Geekie, D. Heinen, B. Marchand, G. Merkulov, D. Pastrnak, O. Steen, P. Zacha, J. van Riemsdyk, B. Carlo, M. Grzelcyk, H. Lindholm, M. Lohrei, C. McAvoy, K. Shattenkirk",6,5,A. Nedeljkovic,J. Swayman
401559412,"1:00 AM, November 7, 2023",BOS,DAL,"J. Beecher, C. Coyle, J. DeBrusk, T. Frederic, M. Geekie, D. Heinen, B. Marchand, D. Pastrnak, M. Poitras, O. Steen, P. Zacha, J. van Riemsdyk, B. Carlo, H. Lindholm, M. Lohrei, I. Mitchell, K. Shattenkirk, P. Wotherspoon","J. Benn, E. Dadonov, T. Dellandrea, R. Hintz, W. Johnston, M. Marchment, J. Pavelski, J. Robertson, T. Seguin, C. Smith, S. Steel, J. Hakanpaa, J. Hanley, T. Harley, M. Heiskanen, E. Lindell, N. Lundkvist, R. Suter",3,2,J. Swayman,J. Oettinger
401559621,"12:00 AM, December 8, 2023",BUF,BOS,"Z. Benson, D. Cozens, T. Jost, P. Krebs, C. Mittelstadt, K. Okposo, V. Olofsson, J. Peterka, E. Robinson, I. Rosen, J. Skinner, T. Thompson, C. Clifton, E. Johnson, R. Johnson, H. Jokiharju, O. Power, M. Samuelsson","J. Beecher, C. Coyle, J. DeBrusk, T. Frederic, M. Geekie, D. Heinen, J. Lauko, B. Marchand, D. Pastrnak, O. Steen, P. Zacha, J. van Riemsdyk, B. Carlo, M. Grzelcyk, H. Lindholm, M. Lohrei, C. McAvoy, K. Shattenkirk",3,1,D. Levi,L. Ullmark
401560291,"11:00 PM, March 16, 2024",PHI,BOS,"C. Atkinson, N. Cates, S. Couturier, N. Deslauriers, J. Farabee, T. Foerster, M. Frost, G. Hathaway, T. Konecny, S. Laughton, R. Poehling, O. Tippett, R. Attard, E. Johnson, T. Sanheim, M. Staal, C. York, E. Zamula","J. Beecher, J. Boqvist, J. Brazeau, C. Coyle, J. DeBrusk, T. Frederic, M. Geekie, D. Heinen, B. Marchand, D. Pastrnak, P. Zacha, J. van Riemsdyk, B. Carlo, M. Grzelcyk, H. Lindholm, C. McAvoy, A. Peeke, P. Wotherspoon",5,6,F. Sandstrom,J. Swayman
401559750,"12:00 AM, December 24, 2023",BOS,MIN,"J. Beecher, C. Coyle, J. DeBrusk, T. Frederic, M. Geekie, D. Heinen, J. Lauko, B. Marchand, D. Pastrnak, O. Steen, P. Zacha, J. van Riemsdyk, B. Carlo, H. Lindholm, M. Lohrei, C. McAvoy, I. Mitchell, P. Wotherspoon","M. Boldy, C. Dewar, B. Duhaime, J. Eriksson Ek, M. Foligno, F. Gaudreau, M. Johansson, K. Kaprizov, V. Lettieri, J. Lucchini, P. Maroon, M. Rossi, Z. Bogosian, B. Faber, A. Goligoski, D. Mermis, J. Merrill, J. Middleton",2,3,L. Ullmark,M. Fleury
401560432,"11:00 PM, April 4, 2024",BOS,CAR,"J. Beecher, J. Boqvist, C. Coyle, J. DeBrusk, T. Frederic, M. Geekie, D. Heinen, J. Lauko, B. Marchand, D. Pastrnak, P. Zacha, J. van Riemsdyk, B. Carlo, M. Grzelcyk, H. Lindholm, C. McAvoy, A. Peeke, P. Wotherspoon","S. Aho, J. Drury, J. Fast, J. Guentzel, S. Jarvis, E. Kuznetsov, J. Martinook, M. Necas, S. Noesen, J. Staal, A. Svechnikov, T. Teravainen, B. Burns, J. Chatfield, D. Orlov, B. Pesce, B. Skjei, J. Slavin",4,1,J. Swayman,F. Andersen
401560037,"8:30 PM, February 10, 2024",WSH,BOS,"N. Aube-Kubel, N. Dowd, B. Malenstyn, A. Mantha, C. McMichael, T.J. Oshie, A. Ovechkin, M. Pacioretty, A. Protas, M. Sgarbossa, D. Strome, T. Wilson, E. Bear, J. Carlson, J. Edmundson, M. Fehervary, N. Jensen, R. Sandin","J. Boqvist, C. Coyle, J. DeBrusk, T. Frederic, M. Geekie, D. Heinen, J. Lauko, B. Marchand, D. Pastrnak, A. Richard, P. Zacha, J. van Riemsdyk, B. Carlo, D. Forbort, M. Grzelcyk, H. Lindholm, C. McAvoy, P. Wotherspoon",3,0,C. Lindgren,J. Swayman
401559672,"12:30 AM, December 14, 2023",BOS,PIM,"J. Beecher, C. Coyle, J. DeBrusk, T. Frederic, M. Geekie, D. Heinen, J. Lauko, B. Marchand, D. Pastrnak, M. Poitras, O. Steen, J. van Riemsdyk, B. Carlo, M. Grzelcyk, H. Lindholm, M. Lohrei, I. Mitchell, K. Shattenkirk","N. Bastian, J. Bratt, E. Haula, N. Hischier, A. Holtz, J. Hughes, C. Lazar, M. McLeod, T. Meier, D. Mercer, O. Palat, T. Toffoli, K. Bahl, L. Hughes, J. Marino, C. Miller, S. Nemec, J. Siegenthaler",PN,2,J. Swayman,V. Vanecek
401559976,"12:00 AM, January 26, 2024",BOS,OTT,"J. Boqvist, C. Coyle, J. DeBrusk, T. Frederic, M. Geekie, D. Heinen, B. Marchand, D. Pastrnak, M. Poitras, O. Steen, P. Zacha, J. van Riemsdyk, B. Carlo, D. Forbort, M. Grzelcyk, H. Lindholm, C. McAvoy, P. Wotherspoon","D. Batherson, R. Chartier, C. Giroux, R. Greig, M. Joseph, M. Kastelic, P. Kelly, J. Norris, S. Pinto, T. Stutzle, V. Tarasenko, B. Tkachuk, J. Bernard-Docker, E. Brannstrom, T. Chabot, J. Chychrun, J. Sanderson, A. Zub",3,2,J. Swayman,J. Korpisalo
401560518,"11:00 PM, April 15, 2024",BOS,WSH,"J. Beecher, J. Boqvist, C. Coyle, J. DeBrusk, T. Frederic, M. Geekie, D. Heinen, J. Lauko, B. Marchand, P. Maroon, D. Pastrnak, P. Zacha, B. Carlo, H. Lindholm, C. McAvoy, A. Peeke, K. Shattenkirk, P. Wotherspoon","N. Aube-Kubel, N. Dowd, H. Lapierre, B. Malenstyn, C. McMichael, S. Milano, T.J. Oshie, A. Ovechkin, M. Pacioretty, A. Protas, D. Strome, T. Wilson, A. Alexeyev, J. Carlson, M. Fehervary, V. Iorio, D. McIlrath, T. van Riemsdyk",0,2,J. Swayman,C. Lindgren
401560325,"11:00 PM, March 21, 2024",NYR,BOS,"W. Cuylle, B. Goodrow, K. Kakko, C. Kreider, A. Lafreniere, A. Panarin, M. Rempe, J. Roslovic, V. Trocheck, J. Vesey, A. Wennberg, M. Zibanejad, A. Fox, E. Gustafsson, Z. Jones, K. Miller, C. Ruhwedel, B. Schneider","J. Beecher, J. Boqvist, J. Brazeau, C. Coyle, J. DeBrusk, T. Frederic, M. Geekie, D. Heinen, J. Lauko, B. Marchand, D. Pastrnak, P. Zacha, B. Carlo, M. Grzelcyk, H. Lindholm, C. McAvoy, A. Peeke, K. Shattenkirk",5,2,J. Quick,J. Swayman
401559510,"12:00 AM, November 23, 2023",BOS,FLA,"J. Beecher, P. Brown, C. Coyle, J. DeBrusk, T. Frederic, D. Heinen, J. Lauko, B. Marchand, D. Pastrnak, M. Poitras, P. Zacha, J. van Riemsdyk, B. Carlo, D. Forbort, H. Lindholm, M. Lohrei, C. McAvoy, K. Shattenkirk","S. Bennett, N. Cousins, J. Gadjovich, R. Lomberg, S. Lorentz, A. Lundell, E. Luostarinen, S. Reinhart, E. Rodrigues, K. Stenlund, M. Tkachuk, C. Verhaeghe, A. Ekblad, O. Ekman-Larsson, G. Forsling, D. Kulikov, N. Mikkola, B. Montour",3,1,L. Ullmark,S. Bobrovsky
401560023,"12:00 AM, February 9, 2024",VAN,BOS,"N. Aman, T. Blueger, B. Boeser, C. Garland, N. Hoglander, D. Joshua, S. Lafferty, E. Lindholm, I. Mikheyev, J.T. Miller, E. Pettersson, P. Suter, I. Cole, F. Hronek, Q. Hughes, N. Juulsen, T. Myers, N. Zadorov","J. Boqvist, C. Coyle, J. DeBrusk, T. Frederic, M. Geekie, D. Heinen, J. Lauko, B. Marchand, D. Pastrnak, O. Steen, P. Zacha, J. van Riemsdyk, B. Carlo, D. Forbort, M. Grzelcyk, H. Lindholm, C. McAvoy, P. Wotherspoon",0,4,T. Demko,L. Ullmark
401559379,"11:30 PM, November 2, 2023",TOR,BOS,"T. Bertuzzi, M. Domi, N. Gregor, P. Holmberg, C. Jarnkrok, D. Kampf, M. Knies, M. Marner, A. Matthews, W. Nylander, R. Reaves, J. Tavares, T. Brodie, M. Giordano, J. Klingberg, W. Lagesson, T. Liljegren, M. Rielly","J. Beecher, C. Coyle, J. DeBrusk, T. Frederic, M. Geekie, D. Heinen, B. Marchand, D. Pastrnak, M. Poitras, O. Steen, P. Zacha, J. van Riemsdyk, B. Carlo, H. Lindholm, M. Lohrei, I. Mitchell, K. Shattenkirk, P. Wotherspoon",2,3,I. Samsonov,J. Swayman
401559970,"12:30 AM, January 25, 2024",CAR,BOS,"S. Aho, M. Bunting, J. Drury, J. Fast, S. Jarvis, J. Kotkaniemi, B. Lemieux, J. Martinook, M. Necas, S. Noesen, J. Staal, T. Teravainen, B. Burns, J. Chatfield, D. Orlov, B. Pesce, B. Skjei, J. Slavin","J. Boqvist, C. Coyle, J. DeBrusk, T. Frederic, M. Geekie, D. Heinen, J. Lauko, B. Marchand, D. Pastrnak, O. Steen, P. Zacha, J. van Riemsdyk, B. Carlo, D. Forbort, M. Grzelcyk, H. Lindholm, C. McAvoy, K. Shattenkirk",3,2,S. Martin,L. Ullmark
401560364,"11:00 PM, March 26, 2024",BOS,FLA,"J. Beecher, J. Boqvist, J. Brazeau, C. Coyle, J. DeBrusk, T. Frederic, M. Geekie, D. Heinen, J. Lauko, B. Marchand, D. Pastrnak, P. Zacha, B. Carlo, M. Grzelcyk, H. Lindholm, C. McAvoy, A. Peeke, P. Wotherspoon","A. Barkov, S. Bennett, N. Cousins, S. Lorentz, A. Lundell, E. Luostarinen, S. Reinhart, E. Rodrigues, K. Stenlund, V. Tarasenko, M. Tkachuk, C. Verhaeghe, U. Balinskis, O. Ekman-Larsson, G. Forsling, D. Kulikov, N. Mikkola, B. Montour",4,3,J. Swayman,S. Bobrovsky
401559899,"6:00 PM, January 15, 2024",BOS,PIM,"N. Bastian, S. Bowers, J. Bratt, E. Haula, N. Hischier, A. Holtz, C. Lazar, M. McLeod, D. Mercer, C. Tierney, T. Toffoli, M. Willman, K. Bahl, L. Hughes, J. Marino, C. Miller, S. Nemec, B. Smith","J. Boqvist, C. Coyle, J. DeBrusk, T. Frederic, M. Geekie, D. Heinen, J. Lauko, B. Marchand, D. Pastrnak, O. Steen, P. Zacha, J. van Riemsdyk, M. Grzelcyk, H. Lindholm, M. Lohrei, C. McAvoy, K. Shattenkirk, P. Wotherspoon",PN,3,N. Daws,J. Swayman
401559893,"1:00 AM, January 14, 2024",BOS,STL,"J. Beecher, J. Boqvist, C. Coyle, J. DeBrusk, T. Frederic, M. Geekie, D. Heinen, J. Lauko, B. Marchand, D. Pastrnak, O. Steen, J. van Riemsdyk, M. Grzelcyk, H. Lindholm, M. Lohrei, C. McAvoy, K. Shattenkirk, P. Wotherspoon","S. Blais, P. Buchnevich, K. Hayes, K. Kapanen, J. Kyrou, J. Neighbours, B. Saad, B. Schenn, O. Sundqvist, R. Thomas, A. Toropchenko, N. Walker, J. Faulk, M. Kessel, T. Krug, N. Leddy, C. Parayko, S. Perunovich",4,3,J. Swayman,J. Binnington
401560401,"11:00 PM, March 30, 2024",BOS,WSH,"J. Beecher, J. Boqvist, J. Brazeau, C. Coyle, J. DeBrusk, T. Frederic, M. Geekie, D. Heinen, J. Lauko, B. Marchand, D. Pastrnak, P. Zacha, B. Carlo, M. Grzelcyk, H. Lindholm, C. McAvoy, A. Peeke, K. Shattenkirk","N. Dowd, H. Lapierre, B. Malenstyn, C. McMichael, S. Milano, I. Miroshnichenko, T.J. Oshie, A. Ovechkin, M. Pacioretty, A. Protas, M. Sgarbossa, D. Strome, A. Alexeyev, J. Carlson, M. Fehervary, V. Iorio, N. Jensen, T. van Riemsdyk",3,2,J. Swayman,C. Lindgren
401559426,"12:00 AM, November 10, 2023",NYI,BOS,"M. Barzal, C. Cizikas, C. Clutterbuck, H. Fasching, S. Holmstrom, B. Horvat, A. Lee, M. Martin, B. Nelson, J. Pageau, K. Palmieri, O. Wahlstrom, S. Aho, S. Bolduc, N. Dobson, S. Mayfield, R. Pulock, A. Romanov","J. Beecher, P. Brown, C. Coyle, J. DeBrusk, T. Frederic, D. Heinen, B. Marchand, D. Pastrnak, M. Poitras, O. Steen, P. Zacha, J. van Riemsdyk, B. Carlo, D. Forbort, H. Lindholm, M. Lohrei, I. Mitchell, K. Shattenkirk",2,5,I. Sorokin,L. Ullmark
401560466,"11:00 PM, April 9, 2024",CAR,BOS,"S. Aho, J. Drury, J. Fast, J. Guentzel, S. Jarvis, E. Kuznetsov, J. Martinook, M. Necas, S. Noesen, J. Staal, A. Svechnikov, T. Teravainen, B. Burns, J. Chatfield, D. Orlov, B. Pesce, B. Skjei, J. Slavin","J. Beecher, J. Boqvist, C. Coyle, J. DeBrusk, T. Frederic, M. Geekie, D. Heinen, J. Lauko, B. Marchand, D. Pastrnak, P. Zacha, J. van Riemsdyk, B. Carlo, M. Grzelcyk, H. Lindholm, C. McAvoy, A. Peeke, P. Wotherspoon",4,1,P. Kochetkov,J. Swayman
401559487,"12:00 AM, November 19, 2023",MTL,BOS,"J. Anderson, C. Caufield, C. Dvorak, J. Evans, B. Gallagher, S. Monahan, A. Newhook, T. Pearson, M. Pezzetta, J. Slafkovsky, N. Suzuki, J. Ylonen, J. Barron, K. Guhle, J. Harris, J. Kovacevic, G. Lindstrom, M. Matheson","J. Beecher, C. Coyle, J. DeBrusk, T. Frederic, D. Heinen, J. Lauko, B. Marchand, D. Pastrnak, M. Poitras, O. Steen, P. Zacha, J. van Riemsdyk, B. Carlo, D. Forbort, H. Lindholm, M. Lohrei, C. McAvoy, K. Shattenkirk",2,5,J. Allen,J. Swayman
401559953,"12:00 AM, January 23, 2024",WPG,BOS,"M. Appleton, M. Barron, K. Connor, N. Ehlers, A. Iafallo, A. Jonsson-Fjallby, R. Kupari, A. Lowry, V. Namestnikov, N. Niederreiter, C. Perfetti, D. Toninato, D. DeMelo, B. Dillon, J. Morrissey, N. Pionk, D. Samberg, N. Schmidt","J. Boqvist, C. Coyle, J. DeBrusk, T. Frederic, M. Geekie, D. Heinen, J. Lauko, B. Marchand, D. Pastrnak, M. Poitras, P. Zacha, J. van Riemsdyk, B. Carlo, D. Forbort, M. Grzelcyk, H. Lindholm, C. McAvoy, P. Wotherspoon",1,4,C. Hellebuyck,J. Swayman
401559462,"12:00 AM, November 15, 2023",BOS,BUF,"J. Beecher, C. Coyle, J. DeBrusk, T. Frederic, D. Heinen, J. Lauko, B. Marchand, D. Pastrnak, M. Poitras, O. Steen, P. Zacha, J. van Riemsdyk, B. Carlo, D. Forbort, H. Lindholm, M. Lohrei, C. McAvoy, K. Shattenkirk","D. Cozens, Z. Girgensons, J. Greenway, T. Jost, P. Krebs, C. Mittelstadt, K. Okposo, V. Olofsson, J. Peterka, L. Rousek, J. Skinner, T. Thompson, C. Clifton, R. Dahlin, E. Johnson, R. Johnson, O. Power, M. Samuelsson",5,2,L. Ullmark,D. Levi
401559552,"12:00 AM, November 28, 2023",BOS,CBJ,"J. Beecher, C. Coyle, J. DeBrusk, T. Frederic, M. Geekie, D. Heinen, J. Lauko, B. Marchand, D. Pastrnak, M. Poitras, P. Zacha, J. van Riemsdyk, B. Carlo, D. Forbort, M. Grzelcyk, H. Lindholm, C. McAvoy, K. Shattenkirk","Y. Chinakhov, J. Danforth, A. Fantilli, J. Gaudreau, B. Jenner, S. Kuraly, P. Laine, K. Marchenko, E. Robinson, C. Sillinger, A. Texier, D. Voronkov, J. Bean, A. Boqvist, E. Gudbranson, D. Jiricek, I. Provorov, Z. Werenski",2,5,J. Swayman,S. Martin
401560376,"11:30 PM, March 27, 2024",BOS,PIM,"J. Beecher, J. Boqvist, J. Brazeau, C. Coyle, J. DeBrusk, T. Frederic, M. Geekie, D. Heinen, B. Marchand, D. Pastrnak, P. Zacha, J. van Riemsdyk, B. Carlo, M. Grzelcyk, H. Lindholm, C. McAvoy, A. Peeke, P. Wotherspoon","M. Chaffee, A. Cirelli, A. Duclair, M. Eyssimont, L. Glendening, B. Hagel, T. Jeannot, N. Kucherov, T. Motte, N. Paul, B. Point, S. Stamkos, E. Cernak, M. Dumba, V. Hedman, E. Martinsen Lilleberg, N. Perbix, D. Raddysh",PN,3,L. Ullmark,A. Vasilevskiy
401559741,"1:00 AM, December 23, 2023",BOS,WPG,"J. Beecher, C. Coyle, J. DeBrusk, T. Frederic, M. Geekie, D. Heinen, J. Lauko, B. Marchand, D. Pastrnak, O. Steen, P. Zacha, J. van Riemsdyk, B. Carlo, H. Lindholm, M. Lohrei, C. McAvoy, K. Shattenkirk, P. Wotherspoon","M. Appleton, M. Barron, N. Ehlers, D. Gustafsson, A. Iafallo, A. Jonsson-Fjallby, A. Lowry, V. Namestnikov, N. Niederreiter, C. Perfetti, M. Scheifele, G. Vilardi, D. DeMelo, B. Dillon, J. Morrissey, N. Pionk, D. Samberg, N. Schmidt",1,5,J. Swayman,C. Hellebuyck
401560012,"12:00 AM, February 7, 2024",CGY,BOS,"M. Backlund, B. Coleman, W. Duehr, J. Huberdeau, N. Kadri, A. Kuzmenko, A. Mangiapane, J. Pelletier, M. Pospisil, K. Rooney, Y. Sharangovich, C. Zary, R. Andersson, N. Hanifin, O. Kylington, B. Pachal, C. Tanev, M. Weegar","J. Boqvist, C. Coyle, J. DeBrusk, T. Frederic, M. Geekie, D. Heinen, J. Lauko, B. Marchand, D. Pastrnak, O. Steen, P. Zacha, J. van Riemsdyk, B. Carlo, D. Forbort, M. Grzelcyk, H. Lindholm, C. McAvoy, K. Shattenkirk",4,1,J. Markstrom,J. Swayman
401559589,"12:00 AM, December 3, 2023",BOS,TOR,"C. Coyle, J. DeBrusk, T. Frederic, M. Geekie, D. Heinen, J. Lauko, B. Marchand, D. Pastrnak, M. Poitras, O. Steen, P. Zacha, J. van Riemsdyk, B. Carlo, D. Forbort, M. Grzelcyk, H. Lindholm, C. McAvoy, K. Shattenkirk","T. Bertuzzi, M. Domi, N. Gregor, C. Jarnkrok, D. Kampf, M. Knies, M. Marner, A. Matthews, W. Nylander, R. Reaves, N. Robertson, J. Tavares, S. Benoit, T. Brodie, W. Lagesson, J. McCabe, M. Rielly, C. Timmins",4,3,L. Ullmark,J. Woll
401560341,"5:00 PM, March 23, 2024",BOS,PHI,"J. Boqvist, J. Brazeau, C. Coyle, J. DeBrusk, T. Frederic, M. Geekie, D. Heinen, J. Lauko, B. Marchand, D. Pastrnak, P. Zacha, J. van Riemsdyk, B. Carlo, M. Grzelcyk, H. Lindholm, M. Lohrei, C. McAvoy, A. Peeke","B. Brink, N. Cates, S. Couturier, J. Farabee, T. Foerster, M. Frost, G. Hathaway, T. Konecny, S. Laughton, O. Lycksell, R. Poehling, O. Tippett, R. Attard, A. Ginning, E. Johnson, T. Sanheim, C. York, E. Zamula",2,3,L. Ullmark,S. Ersson
401560220,"12:00 AM, March 8, 2024",TOR,BOS,"T. Bertuzzi, M. Domi, N. Gregor, C. Jarnkrok, D. Kampf, M. Knies, M. Marner, A. Matthews, B. McMann, W. Nylander, R. Reaves, J. Tavares, S. Benoit, T. Brodie, T. Liljegren, I. Lyubushkin, J. McCabe, M. Rielly","J. Boqvist, J. Brazeau, C. Coyle, J. DeBrusk, T. Frederic, M. Geekie, D. Heinen, J. Lauko, B. Marchand, D. Pastrnak, P. Zacha, J. van Riemsdyk, B. Carlo, M. Grzelcyk, M. Lohrei, C. McAvoy, K. Shattenkirk, P. Wotherspoon",1,4,J. Woll,J. Swayman
401559241,"11:30 PM, October 11, 2023",CHI,BOS,"A. Athanasiou, C. Bedard, J. Dickinson, R. Donato, N. Foligno, C. Guttman, T. Hall, T. Johnson, B. Katchouk, C. Perry, T. Raddysh, L. Reichel, S. Jones, W. Kaiser, K. Korchinski, C. Murphy, J. Tinordi, A. Vlasic","J. Beecher, C. Coyle, J. DeBrusk, T. Frederic, M. Geekie, J. Lauko, M. Lucic, B. Marchand, D. Pastrnak, M. Poitras, P. Zacha, J. van Riemsdyk, B. Carlo, D. Forbort, M. Grzelcyk, H. Lindholm, C. McAvoy, K. Shattenkirk",1,3,A. Soderblom,L. Ullmark
401560445,"7:30 PM, April 6, 2024",FLA,BOS,"A. Barkov, S. Bennett, N. Cousins, J. Gadjovich, R. Lomberg, A. Lundell, E. Luostarinen, S. Reinhart, E. Rodrigues, K. Stenlund, V. Tarasenko, M. Tkachuk, O. Ekman-Larsson, G. Forsling, D. Kulikov, J. Mahura, N. Mikkola, B. Montour","J. Beecher, J. Boqvist, C. Coyle, J. DeBrusk, T. Frederic, M. Geekie, D. Heinen, J. Lauko, B. Marchand, D. Pastrnak, P. Zacha, J. van Riemsdyk, B. Carlo, M. Grzelcyk, H. Lindholm, C. McAvoy, A. Peeke, P. Wotherspoon",2,3,S. Bobrovsky,L. Ullmark
401559794,"10:00 PM, December 31, 2023",BOS,DET,"J. Beecher, C. Coyle, J. DeBrusk, T. Frederic, M. Geekie, D. Heinen, J. Lauko, B. Marchand, G. Merkulov, D. Pastrnak, O. Steen, P. Zacha, B. Carlo, H. Lindholm, M. Lohrei, C. McAvoy, K. Shattenkirk, P. Wotherspoon","J.T. Compher, A. Copp, A. DeBrincat, R. Fabbri, C. Fischer, P. Kane, D. Larkin, D. Perron, M. Rasmussen, L. Raymond, D. Sprong, J. Veleno, B. Chiarot, S. Gostisbehere, O. Maatta, J. Petry, M. Seider, J. Walman",5,3,J. Swayman,A. Lyon
401559852,"2:00 AM, January 9, 2024",BOS,COL,"J. Beecher, J. Boqvist, C. Coyle, J. DeBrusk, T. Frederic, M. Geekie, D. Heinen, B. Marchand, D. Pastrnak, M. Poitras, O. Steen, P. Zacha, B. Carlo, M. Grzelcyk, H. Lindholm, C. McAvoy, K. Shattenkirk, P. Wotherspoon","A. Cogliano, R. Colton, J. Drouin, R. Johansen, J. Kiviranta, K. MacDermid, N. MacKinnon, V. Nichushkin, L. O'Connor, F. Olofsson, J. Polin, M. Rantanen, S. Girard, J. Johnson, C. Jones, C. Makar, S. Malinski, D. Toews",3,4,J. Swayman,A. Georgiev
401560168,"12:00 AM, March 1, 2024",VGK,BOS,"M. Amadio, I. Barbashev, B. Brisson, P. Cotter, B. Froese, W. Karlsson, K. Kolesar, J. Marchessault, M. Morelli, S. Rempal, N. Roy, C. Stephenson, N. Hague, A. Martinez, B. McNabb, A. Pietrangelo, S. Theodore, Z. Whitecloud","J. Boqvist, J. Brazeau, C. Coyle, J. DeBrusk, T. Frederic, M. Geekie, D. Heinen, J. Lauko, B. Marchand, D. Pastrnak, P. Zacha, J. van Riemsdyk, B. Carlo, M. Grzelcyk, M. Lohrei, C. McAvoy, K. Shattenkirk, P. Wotherspoon",4,5,A. Hill,J. Swayman
401559862,"2:00 AM, January 10, 2024",BOS,ARI,"J. Beecher, J. Boqvist, C. Coyle, J. DeBrusk, T. Frederic, M. Geekie, D. Heinen, B. Marchand, D. Pastrnak, M. Poitras, P. Zacha, J. van Riemsdyk, M. Grzelcyk, H. Lindholm, M. Lohrei, C. McAvoy, K. Shattenkirk, P. Wotherspoon","N. Bjugstad, M. Carcone, L. Cooley, L. Crouse, D. Guenther, C. Keller, A. Kerfoot, J. Kirkland, M. Maccelli, J. McBain, L. O'Brien, N. Schmaltz, T. Dermott, M. Dumba, S. Durzi, M. Kesselring, J.J. Moser, T. Stecher",3,4,J. Swayman,C. Ingram
401559786,"12:00 AM, December 31, 2023",BOS,PIM,"N. Bastian, J. Bratt, E. Haula, N. Hischier, A. Holtz, J. Hughes, M. McLeod, T. Meier, D. Mercer, O. Palat, C. Tierney, T. Toffoli, K. Bahl, L. Hughes, J. Marino, S. Nemec, J. Siegenthaler, B. Smith","J. Beecher, C. Coyle, J. DeBrusk, T. Frederic, M. Geekie, D. Heinen, J. Lauko, B. Marchand, G. Merkulov, D. Pastrnak, P. Zacha, J. van Riemsdyk, B. Carlo, M. Grzelcyk, H. Lindholm, M. Lohrei, C. McAvoy, K. Shattenkirk",PN,5,V. Vanecek,L. Ullmark
401560094,"6:00 PM, February 19, 2024",DAL,BOS,"J. Benn, T. Dellandrea, R. Faksa, R. Hintz, W. Johnston, M. Marchment, J. Pavelski, J. Robertson, T. Seguin, C. Smith, S. Steel, J. Hanley, T. Harley, E. Lindell, A. Petrovic, D. Pouliot, R. Suter","J. Boqvist, J. Brazeau, C. Coyle, J. DeBrusk, T. Frederic, M. Geekie, D. Heinen, B. Marchand, D. Pastrnak, A. Richard, P. Zacha, J. van Riemsdyk, B. Carlo, D. Forbort, M. Grzelcyk, H. Lindholm, C. McAvoy, K. Shattenkirk",3,4,J. Oettinger,J. Swayman
401559397,"11:00 PM, November 4, 2023",BOS,DET,"J. Beecher, C. Coyle, J. DeBrusk, T. Frederic, M. Geekie, D. Heinen, B. Marchand, D. Pastrnak, M. Poitras, O. Steen, P. Zacha, J. van Riemsdyk, B. Carlo, H. Lindholm, M. Lohrei, I. Mitchell, K. Shattenkirk, P. Wotherspoon","J.T. Compher, A. Copp, A. Czarnik, A. DeBrincat, K. Kostin, D. Larkin, D. Perron, M. Rasmussen, L. Raymond, D. Sprong, J. Veleno, B. Chiarot, S. Gostisbehere, J. Holl, O. Maatta, J. Petry, M. Seider, J. Walman",4,5,L. Ullmark,V. Husso
401560202,"12:00 AM, March 5, 2024",BOS,TOR,"J. Boqvist, J. Brazeau, C. Coyle, J. DeBrusk, T. Frederic, M. Geekie, D. Heinen, J. Lauko, B. Marchand, D. Pastrnak, P. Zacha, J. van Riemsdyk, B. Carlo, M. Grzelcyk, M. Lohrei, C. McAvoy, K. Shattenkirk, P. Wotherspoon","T. Bertuzzi, M. Domi, P. Holmberg, C. Jarnkrok, D. Kampf, M. Knies, M. Marner, A. Matthews, B. McMann, W. Nylander, R. Reaves, J. Tavares, S. Benoit, T. Brodie, T. Liljegren, I. Lyubushkin, J. McCabe, M. Rielly",4,1,J. Swayman,J. Woll
401559335,"11:00 PM, October 26, 2023",ANA,BOS,"L. Carlsson, S. Carrick, A. Henrique, R. Johnston, M. Jones, B. Leason, M. McTavish, J. Silfverberg, R. Strome, T. Terry, F. Vatrano, T. Zegras, C. Fowler, R. Gudas, J. LaCombe, I. Lyubushkin, P. Mintyukov, U. Vaakanainen","J. Beecher, J. Boqvist, P. Brown, C. Coyle, J. DeBrusk, T. Frederic, M. Geekie, B. Marchand, D. Pastrnak, M. Poitras, P. Zacha, J. van Riemsdyk, B. Carlo, D. Forbort, M. Grzelcyk, H. Lindholm, C. McAvoy, K. Shattenkirk",4,3,J. Gibson,L. Ullmark
401560052,"12:00 AM, February 14, 2024",BOS,PIM,"M. Chaffee, A. Cirelli, M. Eyssimont, L. Glendening, B. Hagel, T. Jeannot, N. Kucherov, T. Motte, N. Paul, B. Point, C. Sheary, S. Stamkos, E. Cernak, H. Fleury, V. Hedman, E. Martinsen Lilleberg, N. Perbix, D. Raddysh","J. Boqvist, C. Coyle, J. DeBrusk, T. Frederic, M. Geekie, D. Heinen, B. Marchand, D. Pastrnak, A. Richard, O. Steen, P. Zacha, J. van Riemsdyk, B. Carlo, D. Forbort, M. Grzelcyk, H. Lindholm, C. McAvoy, K. Shattenkirk",PN,2,A. Vasilevskiy,L. Ullmark
401559713,"12:00 AM, December 20, 2023",MIN,BOS,"M. Boldy, C. Dewar, B. Duhaime, J. Eriksson Ek, M. Foligno, F. Gaudreau, R. Hartman, M. Johansson, K. Kaprizov, V. Lettieri, P. Maroon, M. Rossi, Z. Bogosian, B. Faber, A. Goligoski, D. Hunt, J. Merrill, J. Middleton","J. Beecher, C. Coyle, J. DeBrusk, T. Frederic, M. Geekie, D. Heinen, J. Lauko, B. Marchand, D. Pastrnak, O. Steen, P. Zacha, J. van Riemsdyk, B. Carlo, M. Grzelcyk, H. Lindholm, C. McAvoy, K. Shattenkirk, P. Wotherspoon",4,3,M. Fleury,L. Ullmark
401559537,"6:00 PM, November 25, 2023",BOS,NYR,"J. Beecher, C. Coyle, J. DeBrusk, T. Frederic, M. Geekie, D. Heinen, J. Lauko, B. Marchand, D. Pastrnak, M. Poitras, P. Zacha, J. van Riemsdyk, B. Carlo, D. Forbort, M. Grzelcyk, H. Lindholm, C. McAvoy, I. Mitchell","N. Bonino, W. Cuylle, B. Goodrow, K. Kakko, C. Kreider, A. Lafreniere, A. Panarin, T. Pitlick, V. Trocheck, J. Vesey, B. Wheeler, M. Zibanejad, E. Gustafsson, Z. Jones, R. Lindgren, K. Miller, B. Schneider, J. Trouba",4,7,L. Ullmark,J. Quick
401559522,"6:00 PM, November 24, 2023",DET,BOS,"J.T. Compher, A. Copp, A. DeBrincat, R. Fabbri, C. Fischer, K. Kostin, D. Larkin, D. Perron, M. Rasmussen, L. Raymond, D. Sprong, J. Veleno, B. Chiarot, S. Gostisbehere, J. Holl, O. Maatta, J. Petry, M. Seider","J. Beecher, P. Brown, C. Coyle, J. DeBrusk, T. Frederic, M. Geekie, D. Heinen, J. Lauko, B. Marchand, D. Pastrnak, M. Poitras, P. Zacha, B. Carlo, D. Forbort, H. Lindholm, M. Lohrei, C. McAvoy, I. Mitchell",5,2,V. Husso,J. Swayman
401560239,"8:00 PM, March 9, 2024",PIT,BOS,"N. Acciari, E. Bemstrom, M. Bunting, J. Carter, S. Crosby, L. Eller, J. Gruden, E. Malkin, J. Puljujarvi, V. Puustinen, R. Rakell, R. Smith, R. Graves, P. Joseph, E. Karlsson, K. Letang, J. Ludvig, M. Pettersson","J. Boqvist, J. Brazeau, C. Coyle, J. DeBrusk, T. Frederic, M. Geekie, D. Heinen, J. Lauko, B. Marchand, D. Pastrnak, P. Zacha, J. van Riemsdyk, B. Carlo, M. Grzelcyk, H. Lindholm, M. Lohrei, C. McAvoy, K. Shattenkirk",1,5,A. Nedeljkovic,L. Ullmark
401559297,"2:30 AM, October 20, 2023",BOS,PIM,"J. Beecher, C. Coyle, J. DeBrusk, T. Frederic, M. Geekie, J. Lauko, M. Lucic, B. Marchand, D. Pastrnak, M. Poitras, P. Zacha, J. van Riemsdyk, B. Carlo, D. Forbort, M. Grzelcyk, H. Lindholm, C. McAvoy, K. Shattenkirk","A. Barabanov, T. Bordeleau, A. Duclair, W. Eklund, T. Hertl, M. Hoffman, L. Kunin, K. Labanc, G. Smith, N. Sturm, F. Zadina, F. Zetterlund, M. Benning, K. Burroughs, M. Ferraro, N. Knyzhov, J. Rutta, M. Vlasic",PN,1,L. Ullmark,K. Kahkonen
401560522,"11:00 PM, April 16, 2024",OTT,BOS,"D. Batherson, C. Giroux, R. Greig, M. Joseph, B. Katchouk, P. Kelly, D. Kubalik, Z. MacEwen, Z. Ostapchuk, S. Pinto, J. Smejkal, B. Tkachuk, J. Bernard-Docker, E. Brannstrom, T. Chabot, J. Chychrun, J. Sanderson, A. Zub","J. Boqvist, C. Coyle, J. DeBrusk, T. Frederic, M. Geekie, D. Heinen, J. Lauko, B. Marchand, J. Megna, D. Pastrnak, P. Zacha, J. van Riemsdyk, M. Grzelcyk, H. Lindholm, C. McAvoy, A. Peeke, K. Shattenkirk, P. Wotherspoon",3,1,A. Forsberg,L. Ullmark
401559446,"12:00 AM, November 12, 2023",BOS,MTL,"J. Beecher, C. Coyle, J. DeBrusk, T. Frederic, D. Heinen, J. Lauko, B. Marchand, D. Pastrnak, M. Poitras, O. Steen, P. Zacha, J. van Riemsdyk, B. Carlo, D. Forbort, H. Lindholm, M. Lohrei, C. McAvoy, I. Mitchell","J. Anderson, C. Caufield, C. Dvorak, J. Evans, B. Gallagher, R. Harvey-Pinard, S. Monahan, A. Newhook, T. Pearson, M. Pezzetta, J. Slafkovsky, N. Suzuki, J. Barron, K. Guhle, J. Harris, J. Kovacevic, M. Matheson, A. Xhekaj",2,3,J. Swayman,S. Montembeault
401559569,"12:00 AM, December 1, 2023",BOS,PIM,"J. Bailey, R. Carpenter, A. Duclair, W. Eklund, M. Granlund, T. Hertl, M. Hoffman, L. Kunin, G. Smith, N. Sturm, F. Zetterlund, C. Addison, M. Benning, K. Burroughs, T. Emberson, M. Ferraro, J. MacDonald, N. Okhotiuk","J. Beecher, C. Coyle, J. DeBrusk, T. Frederic, M. Geekie, D. Heinen, J. Lauko, B. Marchand, D. Pastrnak, M. Poitras, P. Zacha, J. van Riemsdyk, B. Carlo, D. Forbort, M. Grzelcyk, H. Lindholm, C. McAvoy, K. Shattenkirk",PN,3,M. Blackwood,J. Swayman
401559920,"12:00 AM, January 19, 2024",COL,BOS,"A. Cogliano, R. Colton, J. Drouin, R. Johansen, J. Kiviranta, K. MacDermid, N. MacKinnon, L. O'Connor, F. Olofsson, J. Polin, M. Rantanen, M. Wood, S. Girard, J. Johnson, C. Makar, S. Malinski, J. Manson, D. Toews","J. Boqvist, C. Coyle, J. DeBrusk, T. Frederic, M. Geekie, D. Heinen, J. Lauko, B. Marchand, D. Pastrnak, O. Steen, P. Zacha, J. van Riemsdyk, M. Grzelcyk, H. Lindholm, M. Lohrei, C. McAvoy, K. Shattenkirk, P. Wotherspoon",2,5,A. Georgiev,J. Swayman
401559354,"11:00 PM, October 28, 2023",DET,BOS,"J.T. Compher, A. Copp, A. Czarnik, A. DeBrincat, C. Fischer, K. Kostin, D. Larkin, D. Perron, M. Rasmussen, L. Raymond, D. Sprong, J. Veleno, B. Chiarot, S. Gostisbehere, J. Holl, J. Petry, M. Seider, J. Walman","J. Beecher, P. Brown, C. Coyle, J. DeBrusk, T. Frederic, M. Geekie, B. Marchand, D. Pastrnak, M. Poitras, O. Steen, P. Zacha, J. van Riemsdyk, B. Carlo, D. Forbort, M. Grzelcyk, H. Lindholm, C. McAvoy, K. Shattenkirk",1,4,V. Husso,J. Swayman
401559365,"11:00 PM, October 30, 2023",FLA,BOS,"A. Barkov, S. Bennett, N. Cousins, R. Lomberg, S. Lorentz, A. Lundell, E. Luostarinen, S. Reinhart, E. Rodrigues, K. Stenlund, M. Tkachuk, C. Verhaeghe, U. Balinskis, O. Ekman-Larsson, G. Forsling, D. Kulikov, J. Mahura, N. Mikkola","J. Beecher, C. Coyle, J. DeBrusk, T. Frederic, M. Geekie, D. Heinen, B. Marchand, D. Pastrnak, M. Poitras, O. Steen, P. Zacha, J. van Riemsdyk, B. Carlo, D. Forbort, M. Grzelcyk, H. Lindholm, C. McAvoy, K. Shattenkirk",2,3,S. Bobrovsky,L. Ullmark
401559314,"2:30 AM, October 22, 2023",BOS,PIM,"J. Beecher, P. Brown, C. Coyle, T. Frederic, M. Geekie, J. Lauko, M. Lucic, B. Marchand, D. Pastrnak, M. Poitras, P. Zacha, J. van Riemsdyk, B. Carlo, D. Forbort, M. Grzelcyk, H. Lindholm, C. McAvoy, I. Mitchell","Q. Byfield, P. Danault, P. Dubois, K. Fiala, C. Grundstrom, A. Kaliyev, A. Kempe, A. Kopitar, A. Laferriere, T. Lewis, B. Lizotte, T. Moore, M. Anderson, D. Doughty, A. Englund, V. Gavrikov, M. Roy, J. Spence",PN,2,J. Swayman,C. Talbot
401560273,"11:00 PM, March 14, 2024",BOS,MTL,"J. Beecher, J. Boqvist, J. Brazeau, C. Coyle, J. DeBrusk, T. Frederic, M. Geekie, D. Heinen, J. Lauko, B. Marchand, D. Pastrnak, P. Zacha, B. Carlo, H. Lindholm, M. Lohrei, C. McAvoy, A. Peeke, P. Wotherspoon","J. Anderson, J. Armia, C. Caufield, J. Evans, B. Gallagher, R. Harvey-Pinard, A. Newhook, T. Pearson, J. Roy, J. Slafkovsky, N. Suzuki, C. White, K. Guhle, J. Harris, J. Kovacevic, M. Matheson, D. Savard, A. Xhekaj",2,1,L. Ullmark,S. Montembeault
401559327,"12:45 AM, October 25, 2023",BOS,CHI,"J. Beecher, P. Brown, C. Coyle, J. DeBrusk, T. Frederic, M. Geekie, J. Lauko, B. Marchand, D. Pastrnak, M. Poitras, P. Zacha, J. van Riemsdyk, B. Carlo, D. Forbort, M. Grzelcyk, H. Lindholm, C. McAvoy, K. Shattenkirk","A. Athanasiou, C. Bedard, J. Dickinson, R. Donato, N. Foligno, T. Johnson, R. Johnson, B. Katchouk, P. Kurashev, C. Perry, T. Raddysh, L. Reichel, S. Jones, W. Kaiser, K. Korchinski, C. Murphy, J. Tinordi, A. Vlasic",3,0,J. Swayman,P. Mrazek
401559761,"12:30 AM, December 28, 2023",BOS,BUF,"J. Beecher, P. Brown, C. Coyle, J. DeBrusk, T. Frederic, M. Geekie, D. Heinen, J. Lauko, B. Marchand, D. Pastrnak, P. Zacha, J. van Riemsdyk, B. Carlo, H. Lindholm, M. Lohrei, C. McAvoy, K. Shattenkirk, P. Wotherspoon","Z. Benson, D. Cozens, J. Greenway, T. Jost, P. Krebs, C. Mittelstadt, K. Okposo, V. Olofsson, J. Peterka, J. Quinn, J. Skinner, A. Tuch, C. Clifton, R. Dahlin, E. Johnson, R. Johnson, O. Power, M. Samuelsson",4,1,J. Swayman,D. Levi
401559316,"12:30 AM, October 23, 2023",BOS,ANA,"J. Beecher, P. Brown, C. Coyle, J. DeBrusk, T. Frederic, M. Geekie, J. Lauko, B. Marchand, D. Pastrnak, M. Poitras, P. Zacha, J. van Riemsdyk, B. Carlo, M. Grzelcyk, H. Lindholm, C. McAvoy, I. Mitchell, K. Shattenkirk","S. Carrick, B. Groulx, A. Henrique, R. Johnston, M. Jones, B. Leason, M. McTavish, J. Silfverberg, R. Strome, T. Terry, F. Vatrano, T. Zegras, C. Fowler, R. Gudas, J. LaCombe, I. Lyubushkin, P. Mintyukov, U. Vaakanainen",3,1,L. Ullmark,J. Gibson
401559939,"12:00 AM, January 21, 2024",MTL,BOS,"J. Anderson, J. Armia, C. Caufield, J. Evans, B. Gallagher, R. Harvey-Pinard, S. Monahan, M. Pezzetta, J. Roy, J. Slafkovsky, M. Stephens, N. Suzuki, J. Barron, K. Guhle, J. Harris, M. Matheson, D. Savard, J. Struble","J. Boqvist, C. Coyle, J. DeBrusk, T. Frederic, M. Geekie, D. Heinen, J. Lauko, B. Marchand, D. Pastrnak, M. Poitras, P. Zacha, J. van Riemsdyk, B. Carlo, D. Forbort, M. Grzelcyk, H. Lindholm, C. McAvoy, K. Shattenkirk",4,9,C. Primeau,L. Ullmark
401559686,"12:30 AM, December 16, 2023",BOS,NYI,"J. Beecher, J. Boqvist, C. Coyle, J. DeBrusk, T. Frederic, M. Geekie, D. Heinen, J. Lauko, B. Marchand, D. Pastrnak, O. Steen, J. van Riemsdyk, B. Carlo, M. Grzelcyk, H. Lindholm, M. Lohrei, K. Shattenkirk, P. Wotherspoon","M. Barzal, C. Cizikas, C. Clutterbuck, P. Engvall, H. Fasching, J. Gauthier, S. Holmstrom, B. Horvat, A. Lee, B. Nelson, J. Pageau, K. Palmieri, S. Aho, S. Bolduc, R. Bortuzzo, N. Dobson, M. Reilly, A. Romanov",5,4,L. Ullmark,I. Sorokin
401560254,"11:00 PM, March 11, 2024",STL,BOS,"Z. Bolduc, P. Buchnevich, K. Hayes, K. Kapanen, J. Kyrou, J. Neighbours, B. Saad, B. Schenn, O. Sundqvist, R. Thomas, A. Toropchenko, N. Walker, J. Faulk, M. Kessel, T. Krug, N. Leddy, C. Parayko, S. Perunovich","J. Boqvist, J. Brazeau, C. Coyle, J. DeBrusk, T. Frederic, M. Geekie, D. Heinen, J. Lauko, B. Marchand, D. Pastrnak, P. Zacha, J. van Riemsdyk, B. Carlo, M. Grzelcyk, H. Lindholm, M. Lohrei, C. McAvoy, K. Shattenkirk",5,1,J. Hofer,J. Swayman
401559804,"12:00 AM, January 3, 2024",BOS,CBJ,"C. Coyle, J. DeBrusk, T. Frederic, M. Geekie, D. Heinen, J. Lauko, B. Marchand, G. Merkulov, D. Pastrnak, O. Steen, P. Zacha, J. van Riemsdyk, B. Carlo, M. Grzelcyk, H. Lindholm, M. Lohrei, C. McAvoy, K. Shattenkirk","E. Bemstrom, Y. Chinakhov, J. Danforth, A. Fantilli, J. Gaudreau, B. Gaunce, K. Johnson, K. Marchenko, J. Roslovic, C. Sillinger, A. Texier, D. Voronkov, J. Bean, J. Christiansen, E. Gudbranson, D. Jiricek, I. Provorov, D. Severson",4,1,L. Ullmark,S. Martin
401560310,"11:00 PM, March 19, 2024",OTT,BOS,"D. Batherson, C. Giroux, R. Greig, M. Joseph, M. Kastelic, B. Katchouk, P. Kelly, D. Kubalik, Z. Ostapchuk, S. Pinto, T. Stutzle, B. Tkachuk, J. Bernard-Docker, E. Brannstrom, T. Chabot, J. Chychrun, J. Sanderson, A. Zub","J. Beecher, J. Boqvist, J. Brazeau, C. Coyle, J. DeBrusk, T. Frederic, M. Geekie, D. Heinen, J. Lauko, B. Marchand, D. Pastrnak, P. Zacha, B. Carlo, M. Grzelcyk, H. Lindholm, C. McAvoy, A. Peeke, K. Shattenkirk",2,6,J. Korpisalo,L. Ullmark
401560505,"12:00 AM, April 14, 2024",BOS,PIT,"J. Beecher, J. Boqvist, C. Coyle, J. DeBrusk, T. Frederic, M. Geekie, D. Heinen, J. Lauko, B. Marchand, P. Maroon, D. Pastrnak, P. Zacha, B. Carlo, M. Grzelcyk, H. Lindholm, C. McAvoy, A. Peeke, K. Shattenkirk","E. Bemstrom, M. Bunting, J. Carter, S. Crosby, L. Eller, E. Malkin, D. O'Connor, V. Puustinen, R. Rakell, B. Rust, R. Smith, R. Zohorna, P. Joseph, E. Karlsson, K. Letang, M. Pettersson, R. Shea, J. St. Ivany",6,4,L. Ullmark,A. Nedeljkovic
401560123,"2:00 AM, February 23, 2024",BOS,CGY,"J. Boqvist, C. Coyle, J. DeBrusk, T. Frederic, M. Geekie, D. Heinen, J. Lauko, B. Marchand, D. Pastrnak, A. Richard, P. Zacha, J. van Riemsdyk, B. Carlo, D. Forbort, M. Lohrei, C. McAvoy, K. Shattenkirk, P. Wotherspoon","M. Backlund, B. Coleman, W. Duehr, J. Huberdeau, D. Hunt, N. Kadri, A. Kuzmenko, A. Mangiapane, M. Pospisil, K. Rooney, Y. Sharangovich, C. Zary, R. Andersson, N. Hanifin, O. Kylington, B. Pachal, C. Tanev, M. Weegar",2,3,L. Ullmark,J. Markstrom
401560066,"12:00 AM, February 16, 2024",SEA,BOS,"M. Beniers, O. Bjorkstrand, A. Burakovsky, J. Eberle, Y. Gourde, T. Kartye, J. McCann, J. Schwartz, B. Tanev, T. Tatar, E. Tolvanen, A. Wennberg, W. Borgen, B. Dumoulin, V. Dunn, A. Larsson, J. Oleksiak, J. Schultz","J. Boqvist, C. Coyle, J. DeBrusk, T. Frederic, M. Geekie, D. Heinen, B. Marchand, D. Pastrnak, A. Richard, O. Steen, P. Zacha, J. van Riemsdyk, B. Carlo, D. Forbort, M. Grzelcyk, H. Lindholm, C. McAvoy, P. Wotherspoon",4,1,J. Daccord,J. Swayman
401560208,"12:30 AM, March 6, 2024",EDM,BOS,"C. Brown, L. Draisaitl, W. Foegele, D. Holloway, Z. Hyman, M. Janmark, E. Kane, C. McDavid, R. McLeod, R. Nugent-Hopkins, C. Perry, D. Ryan, E. Bouchard, C. Ceci, V. Desharnais, M. Ekholm, B. Kulak, D. Nurse","J. Boqvist, J. Brazeau, C. Coyle, J. DeBrusk, T. Frederic, M. Geekie, D. Heinen, J. Lauko, B. Marchand, D. Pastrnak, P. Zacha, J. van Riemsdyk, B. Carlo, M. Grzelcyk, M. Lohrei, C. McAvoy, K. Shattenkirk, P. Wotherspoon",2,1,S. Skinner,L. Ullmark
401559637,"6:00 PM, December 9, 2023",ARI,BOS,"N. Bjugstad, M. Carcone, L. Cooley, L. Crouse, M. Kelemen, C. Keller, A. Kerfoot, M. Maccelli, L. O'Brien, N. Schmaltz, J. Zucker, J. Brown, T. Dermott, M. Dumba, S. Durzi, J.J. Moser, T. Stecher, J. Valimaki","J. Beecher, C. Coyle, J. DeBrusk, T. Frederic, M. Geekie, D. Heinen, B. Marchand, D. Pastrnak, M. Poitras, O. Steen, P. Zacha, J. van Riemsdyk, B. Carlo, M. Grzelcyk, H. Lindholm, M. Lohrei, I. Mitchell, K. Shattenkirk",3,5,C. Ingram,L. Ullmark
401559691,"12:00 AM, December 17, 2023",NYR,BOS,"N. Bonino, J. Brodzinski, W. Cuylle, B. Goodrow, C. Kreider, A. Lafreniere, A. Panarin, T. Pitlick, V. Trocheck, J. Vesey, B. Wheeler, M. Zibanejad, A. Fox, E. Gustafsson, R. Lindgren, K. Miller, B. Schneider, J. Trouba","J. Beecher, P. Brown, C. Coyle, J. DeBrusk, T. Frederic, M. Geekie, D. Heinen, B. Marchand, D. Pastrnak, M. Poitras, O. Steen, J. van Riemsdyk, B. Carlo, M. Grzelcyk, H. Lindholm, M. Lohrei, K. Shattenkirk, P. Wotherspoon",2,1,I. Shesterkin,J. Swayman
401559600,"12:00 AM, December 4, 2023",CBJ,BOS,"Y. Chinakhov, J. Danforth, A. Fantilli, J. Gaudreau, B. Jenner, K. Johnson, S. Kuraly, P. Laine, K. Marchenko, M. Olivier, A. Texier, D. Voronkov, J. Bean, A. Boqvist, E. Gudbranson, D. Jiricek, I. Provorov, Z. Werenski","J. Beecher, C. Coyle, J. DeBrusk, T. Frederic, M. Geekie, D. Heinen, J. Lauko, B. Marchand, D. Pastrnak, M. Poitras, P. Zacha, J. van Riemsdyk, B. Carlo, D. Forbort, M. Grzelcyk, H. Lindholm, C. McAvoy, K. Shattenkirk",1,3,S. Martin,J. Swayman
